{"cameraMode":{"drawMode":0,"name":"Shaded","section":"Shading Mode"},"sceneLighting":true,"audioPlay":false,"sceneViewState":{"showFog":true,"showMaterialUpdate":false,"showSkybox":true,"showFlares":true,"showImageEffects":true,"showParticleSystems":true},"in2DMode":false,"pivot":{"x":-0.3199801445007324,"y":4.999697685241699,"z":-0.3659103214740753},"rotation":{"x":-0.06415112316608429,"y":0.9195330739021301,"z":-0.16904665529727937,"w":-0.3489512801170349},"size":5.495599269866943,"orthographic":false}