{"cameraMode":{"drawMode":0,"name":"Shaded","section":"Shading Mode"},"sceneLighting":true,"audioPlay":false,"sceneViewState":{"showFog":true,"showMaterialUpdate":false,"showSkybox":true,"showFlares":true,"showImageEffects":true,"showParticleSystems":true},"in2DMode":false,"pivot":{"x":-0.3871735632419586,"y":7.689296722412109,"z":0.5792077779769898},"rotation":{"x":-0.05217520147562027,"y":0.27556195855140688,"z":-0.014980178326368332,"w":-0.95975261926651},"size":1.2955985069274903,"orthographic":false}