{"cameraMode":{"drawMode":0,"name":"Shaded","section":"Shading Mode"},"sceneLighting":true,"audioPlay":false,"sceneViewState":{"showFog":true,"showMaterialUpdate":false,"showSkybox":true,"showFlares":true,"showImageEffects":true,"showParticleSystems":true},"in2DMode":false,"pivot":{"x":-0.38028448820114138,"y":7.7352495193481449,"z":0.531941831111908},"rotation":{"x":-0.058222733438014987,"y":0.2581538259983063,"z":-0.015587860718369484,"w":-0.9642251133918762},"size":1.2955985069274903,"orthographic":false}