{"cameraMode":{"drawMode":0,"name":"Shaded","section":"Shading Mode"},"sceneLighting":false,"audioPlay":false,"sceneViewState":{"showFog":true,"showMaterialUpdate":false,"showSkybox":false,"showFlares":true,"showImageEffects":true,"showParticleSystems":true},"in2DMode":false,"pivot":{"x":-0.00008767843246459961,"y":-0.6008195877075195,"z":0.022729724645614625},"rotation":{"x":-0.21799348294734956,"y":0.3186103403568268,"z":-0.07554548978805542,"w":-0.9193806648254395},"size":1.706968069076538,"orthographic":false}