{"cameraMode":{"drawMode":0,"name":"Shaded","section":"Shading Mode"},"sceneLighting":true,"audioPlay":false,"sceneViewState":{"showFog":true,"showMaterialUpdate":false,"showSkybox":true,"showFlares":true,"showImageEffects":true,"showParticleSystems":true},"in2DMode":false,"pivot":{"x":-0.0000021457672119140627,"y":4.392019271850586,"z":0.34227097034454348},"rotation":{"x":-0.08604888617992401,"y":0.16126492619514466,"z":-0.014115791767835617,"w":-0.98305344581604},"size":5.50483512878418,"orthographic":false}