{"cameraMode":{"drawMode":0,"name":"Shaded","section":"Shading Mode"},"sceneLighting":true,"audioPlay":false,"sceneViewState":{"showFog":true,"showMaterialUpdate":false,"showSkybox":true,"showFlares":true,"showImageEffects":true,"showParticleSystems":true},"in2DMode":false,"pivot":{"x":0.15459251403808595,"y":0.47991514205932619,"z":-0.4717111587524414},"rotation":{"x":-0.07974875718355179,"y":0.9067697525024414,"z":-0.1992606520652771,"w":-0.3629107177257538},"size":8.674600601196289,"orthographic":false}