{"cameraMode":{"drawMode":0,"name":"Shaded","section":"Shading Mode"},"sceneLighting":true,"audioPlay":false,"sceneViewState":{"showFog":true,"showMaterialUpdate":false,"showSkybox":true,"showFlares":true,"showImageEffects":true,"showParticleSystems":true},"in2DMode":false,"pivot":{"x":-4.196010589599609,"y":160.28692626953126,"z":5.870256423950195},"rotation":{"x":-0.013941059820353985,"y":0.36792758107185366,"z":-0.0055353594943881039,"w":-0.929774284362793},"size":54.8485221862793,"orthographic":false}